loss,accuracy,val_loss,val_accuracy
0.253650039434433,0.9499196410179138,17.794095993041992,0.31619125604629517
0.1762542575597763,0.9707195162773132,8.725502014160156,0.461631178855896
