loss,accuracy,val_loss,val_accuracy
0.4428699314594269,0.8402070999145508,0.18194572627544403,0.9465649127960205
0.17131905257701874,0.9411712288856506,0.15726742148399353,0.9405383467674255
